Metabolite,"1-(2-hydroxyethyl)-2,2,6,6-tetramethyl-4-piperidinol*","1,2,3-butanetriol*","1,2,4-butanetriol*","1,8-diazacyclotetradecane-2,7-dione*",1-deoxypentitol*,1-dodecanol*,1-monopalmitin*,"2-(hydroxymethyl)-2-methylpropane-1,3-diol*","2-(hydroxymethyl)-2-nitropropane-1,3-diol*","2,3,4-trihydroxybutyric acid *","2,3-dihydroxy-2-methylpropanoic acid*","2,3-dihydroxypropyl icosanoate*","2,4-dihydroxybenzoic acid*",2-hydroxyglutaric acid,2-mono-isobutyrin*,2-monostearin*,2-palmitoylglycerol*,"3,4-dihydroxybenzoic acid (protocatechuic acid)","3,4-dimethylbenzoic acid*",3-hydroxybutyric acid,3-hydroxyisovaleric acid*,3-methylpiperidin-2-one*,3-phenyllactic acid,4-hydroxybenzoic acid (p-salicylic acid),4-hydroxycinnamic acid (p-coumaric acid),4-hydroxypent-3-enoic acid*,5-hydroxyvaleric acid*,6-(acetylamino)hexanoate*,adipamide,adipic acid,amino(oxo)acetic acid*,benzoylmalic acid*,bis(2-hydroxyethyl) phthalate*,bisphenol A,caffeic acid,capric acid,citric acid,D-arabitol,D-fructose,D-galactaric acid,D-gluconic acid,D-glucose,D-glucose-6-phosphate,diethylene glycol*,dioctyl phthalate,D-lyxosylamine,dodecyl acrylate*,D-ribitol,D-saccharic acid,D-xylitol,D-xylulose,EDTA,erythritol/threitol,flavone base+2O+2MeO,fumaric acid,galactinol*,glyceric acid,glycerol,glycerol monostearate*,glycolic acid,iminodiacetic acid,isophthalic acid*,L-alanine,lauric acid,L-glutamic acid,L-homoserine,L-malic acid,L-mimosine,L-phenylalanine,L-pyroglutamic acid,L-serine,L-threonine,L-valine,maleic acid ,malonic acid,methyl phosphate,moracin M*,myo-inositol,myristic acid,nicotinic acid,nonanoic acid,oxalic acid,palmitic acid,pentanedioic acid*,pentasiloxane,phosphoric acid,phthalic acid,pimelic acid,pisatin*,porphine,pyruvic acid,stearic acid,succinic acid,sucrose,trehalose,trehalose-6-phosphate,uracil,urea,variabilin*,willardiine,xylo-pentodialdose*
Main class,,Alcohols and polyols,Monosaccharides,,Monosaccharides,Fatty alcohols,Monoradylglycerols,,,,Fatty acids,,Benzoic acids,Fatty acids,,,Monoradylglycerols,Benzoic acids,Benzoic acids,Fatty acids,Fatty acids,,Phenylpropanoids,Benzoic acids,Phenylpropanoids,,Fatty acids,,Fatty amides,Fatty acids,,,,Benzenes,Phenylpropanoids,Fatty acids,TCA acids,Monosaccharides,Monosaccharides,Fatty acids,Monosaccharides,Monosaccharides,Monosaccharides,Ethers,Benzenes,,,Monosaccharides,Monosaccharides,Monosaccharides,Monosaccharides,Carboxylic acids,,,TCA acids,Monosaccharides,Monosaccharides,Alcohols and polyols,,Fatty acids,Amino acids and peptides,Benzoic acids,Amino acids and peptides,Fatty acids,Amino acids and peptides,Amino acids and peptides,TCA acids,Amino acids and peptides,Amino acids and peptides,Amino acids and peptides,Amino acids and peptides,Amino acids and peptides,Amino acids and peptides,Fatty acids,Fatty acids,Phosphate esters,,Alcohols and polyols,Fatty acids,Pyridine alkaloids,Fatty acids,Fatty acids,Fatty acids,Fatty acids,,Phosphorus inorganic compounds,Benzoic acids,Fatty acids,,Porphyrins,Short-chain acids,Fatty acids,TCA acids,Disaccharides,Disaccharides,Disaccharides,Pyrimidines,Organonitrogen compounds,Flavonoids,,
Sub class,,"1,2-diols",Sugar alcohols,,Sugar alcohols,Fatty alcohols,MAG,,,,Hydroxy FA,,Hydroxybenzoic acids,Dicarboxylic acids,,,MAG,Hydroxybenzoic acids,Hydroxybenzoic acids,Hydroxy FA,Hydroxy FA,,Cinnamic acids,Hydroxybenzoic acids,Cinnamic acids,,Hydroxy FA,,Primary amides,Dicarboxylic acids,,,,Bisphenols,Cinnamic acids,Saturated FA,TCA acids,Sugar alcohols,Hexoses,Dicarboxylic acids,Sugar acids,Hexoses,Hexose phosphates,Dialkyl ethers,Phthalate esters,,,Sugar alcohols,Sugar acids,Sugar alcohols,Pentoses,Tetracarboxylic acids,,,TCA acids,Hexoses,Sugar acids,"1,2-diols",,Hydroxy FA,Amino acids,Benzoic acids,Amino acids,Saturated FA,Amino acids,Amino acids,TCA acids,Amino acids,Amino acids,Amino acids,Amino acids,Amino acids,Amino acids,Dicarboxylic acids,Dicarboxylic acids,Monoalkyl phosphates,,Inositols,Saturated FA,Nicotinic acid alkaloids,Saturated FA,Dicarboxylic acids,Saturated FA,Dicarboxylic acids,,Phosphates,Benzoic acids,Dicarboxylic acids,,Porphyrins,Short-chain acids,Saturated FA,TCA acids,Disaccharides,Disaccharides,Disaccharides,Other pyrimidines,Ureas,Pterocarpans,,
Anasazi1,366334.9,383319.9,118136.7,384918.1,55842.1,2027258.1,597103.2,2180873.2,584846.2,140480.4,401018.7,0,430136,717196.6,2165573.2,22116,0,28575.8,1069822.7,232702.8,423433,2863381.4,7719.7,580866.2,145675,355720.8,61909.1,1557170.6,10042892.5,4473516.1,399308.9,61167.6,2274758.7,161885,186885.7,69322.3,66351.4,456690,1363891.7,58115.7,245884.1,2136458.4,10825,701445.4,246333.5,243044,10986291.2,40642.3,72388.7,84224.3,220061.3,363738,53245.8,0,1144710,167591.9,426504.7,2825347,2028302.3,601009.5,320264,3617485.7,64612,807682.8,0,0,1147814,6411.5,15507,1167016,50020,31001,62734.6,51987,169084.6,8843,60226.6,755135,460575.2,6194.8,624301.4,92629.5,4390307.2,2882450.3,658139.2,1317057.9,192163.4,43389.1,0,1243424.6,67752.4,2934981.4,2716681,2470852.3,1104449.9,0,54758.5,3400898.3,0,0,707952.1
Anasazi2,1079711,377711.7,174056.3,529784.3,194529.1,1935725.3,682879.9,2373914.2,1019595.3,166813.8,709511.5,0,545487.5,874778.9,637281.3,31045.2,12413.5,41512.4,1401897.3,129516.8,159743,1729299.7,9365.4,515014.6,157437,591117.7,76117.7,2123923.1,13083877.1,4803484,519428.5,135631.8,3464922.2,216271,411856.8,47728.1,89588.6,1106252,1869547.8,213994.5,375499.9,3767011,31362,4312311.4,460849.7,27448.5,2804509,81194,181109.9,136072,268011.6,550893,226000.9,0,3185580.2,0,503325.6,2126207.1,1702004.9,596752.6,586191.3,4495115.6,150319,388232.5,0,0,1268860,9999.1,22627,1561777.1,49340.4,32560,81909.1,98662,102967.8,54368.7,84250.5,1224654.5,175517.2,37066.5,564616.8,106471.8,4706650.9,3106737.2,996013.1,12403299.8,243858.8,25666.3,0,1181511.2,88731.3,3201127.2,3363262.5,428721,363421.4,0,41736.8,5396777.5,0,0,936513.3
Anasazi3,1474083.7,504723.4,200554,349340,195516.5,1107563.8,871710.6,3180562,857782.3,153132.7,715542.4,3113.7,713084.9,613910.4,1115330.2,62068.1,37843,69195.1,1298062.4,205644.8,142724,2187016.6,4830.9,575902.9,301193,598702.8,51074.8,1171357.8,9512592.8,4236395.4,312324.3,258176.1,3010297.8,69208,1243485.6,79290.8,246378.4,447616.1,1320625.6,300304.1,495980.3,3244455.3,27785,14332560.6,328961.8,167859.5,6854696.2,94750.9,246131.5,140186.8,556757.6,1768830.6,222307.5,0,6278178.9,83203.5,586463.7,4553979.2,3193434.1,573999.9,575994,4362926.1,250240.7,322639.4,0,0,1115411,19523.2,24881.6,2246187.8,69213.2,33726,87500.5,255679.6,139837.2,326874.6,492226.1,1337236,157199.4,36206.5,779736.4,102952.3,3115889.1,2243165.1,841271.9,12130998.7,238336,25080.5,0,1318306.5,105657.6,2658568.8,1504222.9,1188646.7,1498427.2,0,36003.6,14582755.6,0,0,930584.5
Cal1,616449,454413.6,167936.7,833083.1,267510.2,1468336.7,915207.5,283082.2,477055.2,696226.5,92600.5,0,829655.7,1412223.6,3422408.4,9870.3,0,20849.1,3299855.8,306098.2,310131,4548889.6,32681.3,347069.9,31903,151222.8,122852.5,3685514.6,18073953.7,8406288.1,714086.7,172560.7,278104,439808,14241.8,221206.3,351428.5,347922.3,3534833,62584.7,277517.5,1494800.6,14057,13915238.8,388118.6,190972,14609145.5,311932.9,30141.7,558629.4,6464602.8,575601.6,1023557.9,0,436092.2,52489,689033.8,4496000.5,3178638.7,1150186.5,341540,644548.1,133938,1401692.7,0,0,673821,5074.8,9275.6,1005430.8,98710.1,60740,45351.5,39072.5,48721.2,0,8982.9,1201847.2,184037.7,52268.2,2797726.6,108717.8,7988988.3,5269114.3,902455.5,1075800.8,309179.5,81043,0,1522835.4,105631.7,3257905.7,6134101.1,5114716.9,1444829.3,0,52564,10092,0,0,6019208.5
Cal2,1325795.5,384947.7,168723.5,353142.7,276682.8,1121547.2,1046853.6,191209.4,1883721.6,612717,497142.8,0,575943.2,861887.8,1933963.2,23734,22129.6,20267.2,4503803.5,349014.5,1192146,3238535.1,35327,191385.6,25491,127024.9,98153.1,1206301.8,8844964.8,4874459.8,476947.9,141006.9,292338.9,332361,4829.6,105766.1,218167.5,623495.2,1992247.7,179006.2,234260.2,2579629.7,33849,6813590.4,347192.9,2150756.9,9150927.7,649359.7,43114.7,5237346.7,22801400.2,705631.1,630070.2,0,422520.1,151017.6,1580889.3,2906065.9,3055083.1,1444291.6,279272.4,601459.4,59024.2,811687.3,0,0,689012,6578.7,13120.8,820579.2,50715,31763,28648.4,31149.3,50086,0,0,6220421.3,145419.5,105898.8,2375401.3,116215,5659344.5,2474048.2,739604.3,1306930.8,154948.4,92992.2,0,1058884.5,82028.5,2964733,2964847.3,1151955.2,790482.1,0,76700.9,46821,0,0,3310501.3
Cal3,1794553.9,613630,259568.2,593572.6,287579.8,986835.3,820030.8,270198.6,2594939.2,478575.8,443180.3,0,439720.7,1046623.9,1828915.9,157284,34968.3,16996.2,2060907.2,239166.4,243188,422713.1,12302,216837.2,28786,203057.5,61467.3,1514539.9,18966009.5,6055470.6,457924.6,225666.2,228482.9,356626,8855,179811.2,160898,513381.4,2555431,182565.6,227087,2941651.8,26933,10357833.9,275085.5,259698.6,10066284.3,422024.8,52536.1,6577810.1,30961914.6,341262.4,469115.4,0,353227.2,0,1657974.9,3897203.5,1867121.8,1764496.8,252600.3,500040.2,9017.4,1170282.9,0,0,1012133,4913.6,11420.3,827923.5,20614.5,33175,50371.6,16494,85665.5,0,0,805682.3,273952.9,50742.8,3623797.4,203133.7,6700962.2,3741228.7,960699.5,969737.1,163436.9,38690.6,0,1339152.5,89253.3,2817952.4,4683772.7,0,0,0,52086.2,26884.8,0,0,3344690.7
Vail1,64711.8,444663.2,107650.9,403020.7,65592,872243.4,1273185.3,185100.5,557403.1,211436.9,183835.2,0,2137719,714319.5,1397101.9,140825.6,39938.8,6837.1,1243637.2,217125.4,195904,266267.8,0,310689.7,34727,7841.5,43034.4,1098240,17531405.3,5743751.4,595499.9,118074.4,144296.6,370770,15046.7,118138.2,84370.5,747338.9,1932725,16938,139951.9,1724709.1,15556,11491069.9,950602.2,291249,7357640.9,462490.5,5124.6,16419.5,883023,362356.3,1080867.1,931908.4,138317.4,0,440792.6,7276960.4,4658600.8,461733.1,385841.4,159319.5,222513.8,626877.6,471587.6,2156368.8,574369,11150.6,111639.7,2413107.9,105814.7,170896,184678.9,12678.9,39618.1,34828.6,0,1376843.7,86951.3,176098.8,947774.8,62558.7,4819186.2,3251491.6,903463.8,1475384.8,52388.9,54416.4,100637.1,1473604.6,104387.7,3257973.9,1142705.5,104203.6,509299.6,0,677895.3,5321.6,265112.6,110057.2,58298.3
Vail2,27824.7,393834,69459.5,34664.7,129468.1,449702.1,356801.4,77522.8,244382.4,220655.5,169734.6,0,739611.5,358073.8,1069717.9,70631.7,12789.9,10582.2,17047.6,155298,84437,2278429.2,0,102153.5,11478,50553,14571.3,737153,5608386.8,2658380.4,191976.1,33550.2,87467.7,27424,31839.2,25335.8,190610.4,1401058.6,612778,18259.5,56887.8,1029137,20103,7016910.7,57703.3,22336,3790332.2,249903.1,0,8947.8,1084683,199175.3,1078851.7,261323.7,573211.7,55582.1,314899.9,2135973.7,1708492.3,287627.2,221232,184592.1,4774134.8,68979.2,1791440.4,535940.4,141785,38332.1,131497.2,3866505.8,146729.9,119324,329925.2,30068.6,31198.9,57137.8,24863.9,964842.9,36026.7,75710.5,345124,44373.8,1151443.3,1295390.2,713458.2,2967822,34587,21854.3,10517466.1,523307.8,150279.4,1431927.4,407216.6,274632.4,9378212.2,620822.6,195495.6,2613248.6,809432.5,4747994.1,29665
Vail3,54479.5,279963.7,104782.7,503639.9,86624.9,1923422.2,502019,109174.4,393885.5,269851.4,166294.8,18944.6,1606944.2,966084.9,2681357.2,40419.4,27199.3,20000.9,1294953.3,128087.4,148207,3532399,0,304673.2,27119,38775,63401.5,1832512.8,15340611.7,4633800.7,694642.2,114814.9,143826.6,130284,15925.3,4389.5,260592.2,588736,2052876.3,20008,84990,1706859.4,8339,6409435.9,395371.4,47649,10146792.4,361044.4,4931.4,18882.7,765292.6,777952.3,1134899,89950.8,248610.8,364352.2,572119.1,3658879.9,2909704,690720.2,459870.5,243421.3,626670.2,502162.2,120576.9,3435430.9,862367,20040.1,47185.4,2581661.2,162795.4,99221,386141,18050.6,39475.8,0,12749.1,1767630.6,113994.7,147404.7,849292.6,64994.4,5591919.4,3006928.2,869116.7,1442511.4,56417,47631.6,6831413.9,1105564.4,112455.8,2214253.4,3885876,5324703.9,2219910.9,65538.2,1429817.5,1131539.1,1535710.9,1196498.5,59806.6