Sample_number,Shoot_g,Root_g,Replicate,Legume_Var,Density,Reinc,,,Sample No,Replication,Species,Density,Condition,P uptake 
1,0.64,0.81,1,CK,CK,CK,,,1,1,CK,CK,CK,2.452438775
2,0.6,0.43,2,CK,CK,CK,,,2,2,CK,CK,CK,2.811753795
3,0.99,0.56,3,CK,CK,CK,,,3,3,CK,CK,CK,4.694970192
4,0.9,0.87,4,CK,CK,CK,,,4,4,CK,CK,CK,3.236648063
5,1.32,0.5,5,CK,CK,CK,,,5,5,CK,CK,CK,5.049459505
6,0.87,0.44,6,CK,CK,CK,,,6,6,CK,CK,CK,3.504942446
7,0.75,0.27,7,CK,CK,CK,,,7,7,CK,CK,CK,2.712401735
8,3.65,2.72,1,An,L,SR,,,8,1,An,L,SR,12.20998417
9,,,,,,,,,9,2,An,L,SR,0
10,3.82,7.54,3,An,L,SR,,,10,3,An,L,SR,8.753103669
11,5.07,5.64,4,An,L,SR,,,11,4,An,L,SR,11.15105574
12,5.44,4.71,5,An,L,SR,,,12,5,An,L,SR,14.64455751
13,4.08,5.16,6,An,L,SR,,,13,6,An,L,SR,10.47922362
14,4.91,13.26,7,An,L,SR,,,14,7,An,L,SR,12.59362096
15,2.65,3.68,1,An,L,R,,,15,1,An,L,R,7.236398568
16,3.07,3.4,2,An,L,R,,,16,2,An,L,R,13.90788256
17,2.35,2.79,3,An,L,R,,,17,3,An,L,R,8.243129065
18,2.89,3.42,4,An,L,R,,,18,4,An,L,R,9.936010448
19,2.97,3.81,5,An,L,R,,,19,5,An,L,R,9.095680758
20,3.28,3.32,6,An,L,R,,,20,6,An,L,R,12.04832603
21,2.79,8.14,7,An,L,R,,,21,7,An,L,R,8.481821925
22,2.13,2.08,1,An,L,N,,,22,1,An,L,N,10.27559211
23,1.66,1.71,2,An,L,N,,,23,2,An,L,N,7.641144792
24,1.68,1.61,3,An,L,N,,,24,3,An,L,N,5.813179068
25,2.12,1.99,4,An,L,N,,,25,4,An,L,N,2.255799735
26,2.38,2.65,5,An,L,N,,,26,5,An,L,N,8.40832289
27,1.84,1.87,6,An,L,N,,,27,6,An,L,N,5.750001268
28,2.21,2.74,7,An,L,N,,,28,7,An,L,N,7.189073526
29,3.35,4.14,1,An,M,SR,,,50,1,An,H,SR,14.19889994
30,5.67,10.26,2,An,M,SR,,,51,2,An,H,SR,14.11249186
31,5.43,5.85,3,An,M,SR,,,52,3,An,H,SR,18.12443494
32,5.84,7.64,4,An,M,SR,,,53,4,An,H,SR,14.50224424
33,5.98,5.38,5,An,M,SR,,,54,5,An,H,SR,16.61124068
34,10.25,5.24,6,An,M,SR,,,55,6,An,H,SR,13.75102457
35,4.92,4.04,7,An,M,SR,,,56,7,An,H,SR,12.70481252
36,4.32,4.02,1,An,M,R,,,57,1,An,H,R,11.43190869
37,3.51,2.78,2,An,M,R,,,58,2,An,H,R,9.121240106
38,3.95,5.67,3,An,M,R,,,59,3,An,H,R,9.647805791
39,4.37,5.43,4,An,M,R,,,60,4,An,H,R,10.7395277
40,3.26,2.91,5,An,M,R,,,61,5,An,H,R,18.71732225
41,3.36,4.4,6,An,M,R,,,62,6,An,H,R,10.68753515
42,3.32,3.84,7,An,M,R,,,63,7,An,H,R,14.59361437
43,1.57,1.76,1,An,M,N,,,64,1,An,H,N,7.10009015
44,3.4,5.26,2,An,M,N,,,65,2,An,H,N,7.720252725
45,2.26,3.72,3,An,M,N,,,66,3,An,H,N,4.660801102
46,2.24,4.44,4,An,M,N,,,67,4,An,H,N,5.604565882
47,1.49,3.06,5,An,M,N,,,68,5,An,H,N,8.364118213
48,2.35,1.97,6,An,M,N,,,69,6,An,H,N,9.561318773
49,2.04,3.04,7,An,M,N,,,70,7,An,H,N,7.599821675
50,7.24,3.39,1,An,H,SR,,,,,,,,
51,5.17,3.07,2,An,H,SR,,,,,,,,
52,6.52,16.32,3,An,H,SR,,,,,,,,
53,4.96,3.23,4,An,H,SR,,,,,,,,
54,5.12,6.25,5,An,H,SR,,,,,,,,
55,4.99,4.48,6,An,H,SR,,,,,,,,
56,3.23,1.57,7,An,H,SR,,,,,,,,
57,3.48,2.79,1,An,H,R,,,,,,,,
58,3.16,7.94,2,An,H,R,,,,,,,,
59,4.62,8.81,3,An,H,R,,,,,,,,
60,3.79,8.67,4,An,H,R,,,,,,,,
61,3.89,2.23,5,An,H,R,,,,,,,,
62,3.95,5.96,6,An,H,R,,,,,,,,
63,3.98,4.64,7,An,H,R,,,,,,,,
64,3.18,5.74,1,An,H,N,,,,,,,,
65,2.41,1.63,2,An,H,N,,,,,,,,
66,2.09,3.03,3,An,H,N,,,,,,,,
67,2.73,3.97,4,An,H,N,,,,,,,,
68,2.38,3.29,5,An,H,N,,,,,,,,
69,3.63,4.18,6,An,H,N,,,,,,,,
70,2.44,3.32,7,An,H,N,,,,,,,,
71,,,,,,,,,,,,,,
72,1.37,0.98,2,Cal,L,SR,,,,,,,,
73,2.41,2.27,3,Cal,L,SR,,,,,,,,
74,1.55,2.19,4,Cal,L,SR,,,,,,,,
75,1.98,1.58,5,Cal,L,SR,,,,,,,,
76,2.12,1.57,6,Cal,L,SR,,,,,,,,
77,1.45,0.9,7,Cal,L,SR,,,,,,,,
78,1.05,1.23,1,Cal,L,R,,,,,,,,
79,1.1,1.56,2,Cal,L,R,,,,,,,,
80,1.52,1.19,3,Cal,L,R,,,,,,,,
81,1.84,3.15,4,Cal,L,R,,,,,,,,
82,1.77,1.79,5,Cal,L,R,,,,,,,,
83,1.77,2.61,6,Cal,L,R,,,,,,,,
84,1.66,1.86,7,Cal,L,R,,,,,,,,
85,1.41,2.29,1,Cal,L,N,,,,,,,,
86,0.74,0.76,2,Cal,L,N,,,,,,,,
87,1.33,1.08,3,Cal,L,N,,,,,,,,
88,1.52,2.34,4,Cal,L,N,,,,,,,,
89,1.72,1.83,5,Cal,L,N,,,,,,,,
90,1.98,1.23,6,Cal,L,N,,,,,,,,
91,1.57,1.94,7,Cal,L,N,,,,,,,,
92,3.81,4.65,1,Cal,M,SR,,,,,,,,
93,3.78,6.61,2,Cal,M,SR,,,,,,,,
94,2.67,3.04,3,Cal,M,SR,,,,,,,,
95,2.71,1.67,4,Cal,M,SR,,,,,,,,
96,2.91,3.93,5,Cal,M,SR,,,,,,,,
97,3.73,9.7,6,Cal,M,SR,,,,,,,,
98,3.89,9.05,7,Cal,M,SR,,,,,,,,
99,2.05,1.78,1,Cal,M,R,,,,,,,,
100,2.33,2.72,2,Cal,M,R,,,,,,,,
101,2.2,1.57,3,Cal,M,R,,,,,,,,
102,,,,,,,,,,,,,,
103,1.1,1.56,5,Cal,M,R,,,,,,,,
104,2.91,5.09,6,Cal,M,R,,,,,,,,
105,2.62,3.21,7,Cal,M,R,,,,,,,,
106,1.09,1.21,1,Cal,M,N,,,,,,,,
107,2.24,6.74,2,Cal,M,N,,,,,,,,
108,1.43,2.06,3,Cal,M,N,,,,,,,,
109,1.69,2.46,4,Cal,M,N,,,,,,,,
110,3.06,4.27,5,Cal,M,N,,,,,,,,
111,2.01,6.42,6,Cal,M,N,,,,,,,,
112,1.95,1.05,7,Cal,M,N,,,,,,,,
113,3.17,3.62,1,Cal,H,SR,,,,,,,,
114,2.52,3.9,2,Cal,H,SR,,,,,,,,
115,3.02,1.88,3,Cal,H,SR,,,,,,,,
116,3.1,5.59,4,Cal,H,SR,,,,,,,,
117,2.82,1.48,5,Cal,H,SR,,,,,,,,
118,2.64,1.63,6,Cal,H,SR,,,,,,,,
119,3.29,1.59,7,Cal,H,SR,,,,,,,,
120,3.35,4.24,1,Cal,H,R,,,,,,,,
121,2.97,3.55,2,Cal,H,R,,,,,,,,
122,2.7,2.06,3,Cal,H,R,,,,,,,,
123,2.76,3.65,4,Cal,H,R,,,,,,,,
124,2.31,4.17,5,Cal,H,R,,,,,,,,
125,2.88,5.04,6,Cal,H,R,,,,,,,,
126,3.92,6.99,7,Cal,H,R,,,,,,,,
127,1.77,4.63,1,Cal,H,N,,,,,,,,
128,1.89,3.83,2,Cal,H,N,,,,,,,,
129,2.09,1.23,3,Cal,H,N,,,,,,,,
130,2.27,3.04,4,Cal,H,N,,,,,,,,
131,1.3,4.28,5,Cal,H,N,,,,,,,,
132,2.02,2.69,6,Cal,H,N,,,,,,,,
133,1.97,1.99,7,Cal,H,N,,,,,,,,
134,3.19,3.89,1,Va,L,SR,,,,,,,,
135,2.03,0.93,2,Va,L,SR,,,,,,,,
136,2.74,2.57,3,Va,L,SR,,,,,,,,
137,2.62,2.61,4,Va,L,SR,,,,,,,,
138,1.61,0.75,5,Va,L,SR,,,,,,,,
139,1.52,0.89,6,Va,L,SR,,,,,,,,
140,,,,,,,,,,,,,,
141,1.06,0.42,1,Va,L,R,,,,,,,,
142,1.09,0.4,2,Va,L,R,,,,,,,,
143,0.97,0.95,3,Va,L,R,,,,,,,,
144,1.36,1.22,4,Va,L,R,,,,,,,,
145,1.02,1.39,5,Va,L,R,,,,,,,,
146,0.94,0.64,6,Va,L,R,,,,,,,,
147,0.97,0.7,7,Va,L,R,,,,,,,,
148,0.93,1.56,1,Va,L,N,,,,,,,,
149,0.95,0.93,2,Va,L,N,,,,,,,,
150,0.89,0.75,3,Va,L,N,,,,,,,,
151,0.96,0.72,4,Va,L,N,,,,,,,,
152,,,,,,,,,,,,,,
153,1.01,1.74,6,Va,L,N,,,,,,,,
154,0.99,1.42,7,Va,L,N,,,,,,,,
155,2.65,2.33,1,Va,M,SR,,,,,,,,
156,3.44,3.64,2,Va,M,SR,,,,,,,,
157,3.17,3.84,3,Va,M,SR,,,,,,,,
158,3.88,3.22,4,Va,M,SR,,,,,,,,
159,3.74,2.48,5,Va,M,SR,,,,,,,,
160,3.93,2.33,6,Va,M,SR,,,,,,,,
161,3.81,4.27,7,Va,M,SR,,,,,,,,
162,2.61,3.06,1,Va,M,R,,,,,,,,
163,3.19,4.39,2,Va,M,R,,,,,,,,
164,2.59,1.51,3,Va,M,R,,,,,,,,
165,2.93,3.68,4,Va,M,R,,,,,,,,
166,2.91,5.89,5,Va,M,R,,,,,,,,
167,2.41,3.72,6,Va,M,R,,,,,,,,
168,2.37,1.63,7,Va,M,R,,,,,,,,
169,1.21,1.45,1,Va,M,N,,,,,,,,
170,1.21,2.18,2,Va,M,N,,,,,,,,
171,1.74,2.88,3,Va,M,N,,,,,,,,
172,1.28,1.04,4,Va,M,N,,,,,,,,
173,1.26,1.09,5,Va,M,N,,,,,,,,
174,1.24,2.01,6,Va,M,N,,,,,,,,
175,2.03,1.63,7,Va,M,N,,,,,,,,
176,5.38,4.06,1,Va,H,SR,,,,,,,,
177,7.36,4.19,2,Va,H,SR,,,,,,,,
178,5.9,7.16,3,Va,H,SR,,,,,,,,
179,4.14,7.36,4,Va,H,SR,,,,,,,,
180,2.47,5.01,5,Va,H,SR,,,,,,,,
181,4.43,9.06,6,Va,H,SR,,,,,,,,
182,4.22,7.3,7,Va,H,SR,,,,,,,,
183,2.74,2.56,1,Va,H,R,,,,,,,,
184,4.86,6.58,2,Va,H,R,,,,,,,,
185,3.59,4.19,3,Va,H,R,,,,,,,,
186,2.48,2.75,4,Va,H,R,,,,,,,,
187,1.99,2.94,5,Va,H,R,,,,,,,,
188,3.27,5.18,6,Va,H,R,,,,,,,,
189,3.09,3.67,7,Va,H,R,,,,,,,,
190,1.77,3.35,1,Va,H,N,,,,,,,,
191,1.65,2.4,2,Va,H,N,,,,,,,,
192,1.24,0.56,3,Va,H,N,,,,,,,,
193,1.73,5.45,4,Va,H,N,,,,,,,,
194,2.28,1.14,5,Va,H,N,,,,,,,,
195,1.21,1.76,6,Va,H,N,,,,,,,,
196,,,,,,,,,,,,,,